url,title
/nekretnine/prodaja-stanova/vracar-novogradnja-neimarski-park-od-80-do-16/5425484545877,VRACAR NOVOGRADNJA NEIMARSKI PARK OD 80 DO 166 m2
/nekretnine/prodaja-stanova/novo-u-ponudi-novi-beograd---stari-merkator-i/5425492903280,Novo u ponudi Novi Beograd - Stari Merkator ID#201
/nekretnine/prodaja-stanova/novo-u-ponudi-palilulska-pijaca-nov-uknjizen/5425490772127,Novo u ponudi Palilulska Pijaca nov uknjižen ID#20
/nekretnine/prodaja-stanova/luksuzan-stan-od-150m2-u-srcu-vracara/5425481435982,Luksuzan stan od 150m2 u srcu Vračara!
/nekretnine/prodaja-stanova/akcija-750-eurpdv-visnjicka-banja-3-0-83m2/5425492889066,"AKCIJA 750 EUR+PDV: Višnjička banja, 3.0, 83m2"
/nekretnine/prodaja-stanova/akcija-750-eurpdv-visnjicka-banja-3-0-90m2/5425492889057,"AKCIJA 750 EUR+PDV: Višnjička banja, 3.0, 90m2"
/nekretnine/prodaja-stanova/lux-stan-90m2garaza-dimitrija-tucovica/5425484148655,"LUX stan 90m2+garaža, Dimitrija Tucovića"
/nekretnine/prodaja-stanova/vozdovacfarmaceutski-odlican-povoljno/5425473521442,"Vozdovac/Farmaceutski/ odlican, povoljno"
/nekretnine/prodaja-stanova/novo-u-ponudi-hram-uknjizen-nov-id19456/5425485480020,Novo u ponudi Hram uknjižen nov ID#19456
/nekretnine/prodaja-stanova/novi-beograd---blok-21-tc-usce-id19946/5425484550621,Novi Beograd - Blok 21 Tc Usce ID#19946
/nekretnine/prodaja-stanova/novo-u-ponudi-arena-id19875/5425491189861,Novo u ponudi Arena ID#19875
/nekretnine/prodaja-stanova/novogradnja-visnjicka-banja/5425480483491,Novogradnja Višnjička Banja
/nekretnine/prodaja-stanova/novogradnja-visnjicka-banja/5425480056340,Novogradnja Višnjička Banja
/nekretnine/prodaja-stanova/hram-sv-save-patrijarha-varnave-lux-id443/5425472676358,"Hram Sv. Save, Patrijarha Varnave, lux ID#443"
/nekretnine/prodaja-stanova/lamartinova-id9513/5425481442412,Lamartinova ID#9513
/nekretnine/prodaja-stanova/bulevar-arsenija-carnojevica-id9780/5425484139645,Bulevar Arsenija Čarnojevića ID#9780
/nekretnine/prodaja-stanova/na-prodaju-trosoban-stan-u-ustanickoj-167/5425492910130,Na prodaju trosoban stan u Ustaničkoj 167
/nekretnine/prodaja-stanova/uknjizen-lux-jednoiposoban-standvoriste-mirij/3898007,"Uknjižen lux jednoiposoban stan+dvoriste,Mirijevo"
/nekretnine/prodaja-stanova/novo-u-ponudi-blok-30-uknjizen-id20063/5425492885743,Novo u ponudi Blok 30 uknjižen ID#20063
/nekretnine/prodaja-stanova/novo-u-ponudi-blok-63-tc-piramida-lux-nov-id1/5425491534695,Novo u ponudi Blok 63 Tc Piramida Lux Nov ID#19908
